,loss0,loss10,loss20,loss30,loss40,loss50,loss60,loss70,loss80,loss90,loss100,loss110,loss120,loss130,loss140,loss150,loss160,loss170,loss180,loss190,loss200,loss210,loss220,loss230,loss240,loss250,loss260,loss270,loss280,loss290,loss300,loss310,loss320,loss330,loss340,loss350,loss360,loss370,loss380
0,0.08234398812055588,0.024850057438015938,0.026605727151036263,0.021807445213198662,0.022526735439896584,0.017004620283842087,0.02441338263452053,0.02975708805024624,0.02870175987482071,0.03901774063706398,0.020524781197309494,0.022320261225104332,0.015973297879099846,0.012132794596254826,0.014098752290010452,0.012732276692986488,0.010967064648866653,0.006968399975448847,0.009323472157120705,0.007681621704250574,0.00874617975205183,0.007543184794485569,0.0058206552639603615,0.004799509886652231,0.0033233051653951406,0.004918402060866356,0.0038527969736605883,0.004333002492785454,0.004283212125301361,0.005702088586986065,0.0035864084493368864,0.003057055873796344,0.002542363479733467,0.003980922047048807,0.004207270685583353,0.005386163480579853,0.00469208462163806,0.005401212256401777,0.006608054973185062
1,0.0872231051325798,0.034829311072826385,0.022207224741578102,0.023161306977272034,0.019772717729210854,0.020427335053682327,0.02062194049358368,0.03275737538933754,0.03652435913681984,0.042665429413318634,0.022651635110378265,0.01539573073387146,0.011248997412621975,0.01354160625487566,0.012846252880990505,0.010648546740412712,0.012382803484797478,0.00957171618938446,0.008825717493891716,0.010838350281119347,0.007533966097980738,0.00784139335155487,0.006116182077676058,0.0038592955097556114,0.005235424265265465,0.0030118997674435377,0.0055320789106190205,0.005435110069811344,0.005284263286739588,0.004457049071788788,0.0038652310613542795,0.005063547287136316,0.0023127237800508738,0.003594878362491727,0.002414670307189226,0.004988403990864754,0.0036927792243659496,0.004352083895355463,0.00407528318464756
2,0.09202764183282852,0.02761327102780342,0.024351077154278755,0.016541311517357826,0.022475730627775192,0.016216004267334938,0.014913223683834076,0.034115370362997055,0.036684297025203705,0.04161224886775017,0.02262784168124199,0.013814309611916542,0.015517800115048885,0.014943639747798443,0.009247423149645329,0.010677034966647625,0.011862711980938911,0.007899620570242405,0.011018551886081696,0.0123370923101902,0.0058355494402348995,0.007000880781561136,0.004724928643554449,0.00405436335131526,0.004778421018272638,0.00472605787217617,0.0029021340887993574,0.003464980749413371,0.004959819372743368,0.0030115367844700813,0.005424088798463345,0.00494498061016202,0.0035351368132978678,0.0033989795483648777,0.004638155456632376,0.004746688064187765,0.0031477375887334347,0.0031566480174660683,0.003722713328897953
3,0.087248794734478,0.03828500956296921,0.02075759693980217,0.02157507836818695,0.022157596424221992,0.014987114816904068,0.019815806299448013,0.028903599828481674,0.03644120693206787,0.03713720664381981,0.020843524485826492,0.02231355383992195,0.013912099413573742,0.011476504616439342,0.011773466132581234,0.010437957011163235,0.011236000806093216,0.010021659545600414,0.012128157541155815,0.008306977339088917,0.007640875410288572,0.006027518305927515,0.004716346971690655,0.005709854885935783,0.005523060914129019,0.0037721518892794847,0.003600355703383684,0.005075234454125166,0.0038123519625514746,0.003896256908774376,0.004562760703265667,0.005001273937523365,0.004480596166104078,0.004946606699377298,0.004714205861091614,0.0025837309658527374,0.0028879449237138033,0.00447772815823555,0.004766646772623062
4,0.09021002799272537,0.0308599304407835,0.028111781924962997,0.018175270408391953,0.01624869741499424,0.019635658711194992,0.014194659888744354,0.03215254470705986,0.02929060161113739,0.034845300018787384,0.020912427455186844,0.018410921096801758,0.015743905678391457,0.015479644760489464,0.009846127592027187,0.012064456939697266,0.012152391485869884,0.00901744980365038,0.010236578062176704,0.007774503901600838,0.006883586291223764,0.00651969388127327,0.0052500152960419655,0.0046736630611121655,0.007520241197198629,0.0033382168039679527,0.003905186429619789,0.0044576614163815975,0.0029940803069621325,0.0057614571414887905,0.0046191089786589146,0.00500227976590395,0.0033746138215065002,0.003968002740293741,0.0030127963982522488,0.003496257122606039,0.004684762563556433,0.0036906760651618242,0.004845138173550367
5,0.08922135084867477,0.029142091050744057,0.021885428577661514,0.02600797638297081,0.01885383389890194,0.016144800931215286,0.024175919592380524,0.02633017674088478,0.032918818295001984,0.03581634908914566,0.02185509353876114,0.019529888406395912,0.020617777481675148,0.011871370486915112,0.010371346026659012,0.013678266666829586,0.007698482368141413,0.009250023402273655,0.007344797253608704,0.01003236137330532,0.007976994849741459,0.008099316619336605,0.006043628323823214,0.003619530238211155,0.0038811771664768457,0.005398750305175781,0.005097487475723028,0.003754722187295556,0.004923570901155472,0.0036391241010278463,0.0037378384731709957,0.0035444877576082945,0.00364504661411047,0.0042840344831347466,0.005080427974462509,0.005091776605695486,0.004001782275736332,0.005369637627154589,0.004701392259448767
6,0.08277489989995956,0.023407699540257454,0.024139171466231346,0.015494126826524734,0.013640687800943851,0.021627552807331085,0.01824256032705307,0.026552269235253334,0.03287748247385025,0.03257254883646965,0.019781002774834633,0.013790793716907501,0.017590589821338654,0.0157221220433712,0.0126621900126338,0.012128089554607868,0.008340144529938698,0.006782577373087406,0.00790825579315424,0.007400335744023323,0.006134781986474991,0.0077734049409627914,0.004544680472463369,0.004644923843443394,0.003905446967110038,0.004781822673976421,0.0031101000495254993,0.0038117796648293734,0.003645514138042927,0.0033185360953211784,0.004113831091672182,0.0034369584172964096,0.0034686638973653316,0.005530749447643757,0.0045154201798141,0.00412206444889307,0.003636756679043174,0.004274843260645866,0.004849707707762718
7,0.08597623556852341,0.02750629186630249,0.018534047529101372,0.02383916825056076,0.024678217247128487,0.01686069555580616,0.01736980676651001,0.02931077778339386,0.031854331493377686,0.035096462815999985,0.017603136599063873,0.01951349899172783,0.014461585320532322,0.012104948982596397,0.011879331432282925,0.014524239115417004,0.010928946547210217,0.009163791313767433,0.011263388209044933,0.0058758072555065155,0.007077391725033522,0.0050748358480632305,0.005267113912850618,0.0037297827657312155,0.005056506954133511,0.004678241442888975,0.003044393379241228,0.0033178208395838737,0.004188916180282831,0.0029898264911025763,0.004902136046439409,0.004943911451846361,0.0031449131201952696,0.005087048280984163,0.0032154128421097994,0.0045522586442530155,0.003402958856895566,0.0032465795520693064,0.002775831613689661
8,0.07569731026887894,0.034657273441553116,0.028334438800811768,0.019832169637084007,0.016968900337815285,0.02003140188753605,0.0210878923535347,0.024032093584537506,0.03650902956724167,0.03373420983552933,0.023945899680256844,0.01902751624584198,0.01324780099093914,0.014727995730936527,0.013524932786822319,0.008633721619844437,0.012182815931737423,0.008246263489127159,0.0070101176388561726,0.010444123297929764,0.00832453090697527,0.006615567021071911,0.006789369508624077,0.004008564166724682,0.004067736212164164,0.004012794699519873,0.004751794971525669,0.003434722078964114,0.005562255159020424,0.004145277664065361,0.0028194484766572714,0.0035610543563961983,0.004938195925205946,0.004476016387343407,0.004228314850479364,0.005737905390560627,0.0034239667002111673,0.003269078442826867,0.004693757276982069
9,0.07823630422353745,0.029819434508681297,0.024032484740018845,0.022037779912352562,0.01905764825642109,0.015936095267534256,0.020714368671178818,0.029534045606851578,0.03261498734354973,0.030356252565979958,0.022242167964577675,0.016515884548425674,0.016110718250274658,0.014098534360527992,0.009692622348666191,0.011869234032928944,0.01483277790248394,0.007621437776833773,0.010205728001892567,0.007697439752519131,0.0062028272077441216,0.006568796932697296,0.0070790876634418964,0.004788536112755537,0.005018158350139856,0.004060286097228527,0.005515198223292828,0.003990927245467901,0.004011053591966629,0.0040429700165987015,0.004092267714440823,0.0034389200154691935,0.004049983806908131,0.005759600084275007,0.003624801291152835,0.0031921162735670805,0.0034564260859042406,0.003054756438359618,0.0038242919836193323
10,0.08421352505683899,0.036791909486055374,0.0267450250685215,0.018785586580634117,0.018158627673983574,0.017972776666283607,0.018659794703125954,0.02753688581287861,0.030489394441246986,0.033165864646434784,0.022065965458750725,0.017232287675142288,0.014126885682344437,0.015402451157569885,0.01246209628880024,0.011300677433609962,0.012770358473062515,0.010587021708488464,0.009357037022709846,0.010378791019320488,0.009307383559644222,0.006375063210725784,0.004543815273791552,0.003935893066227436,0.004562105983495712,0.0030862116254866123,0.003789039794355631,0.003086275886744261,0.00354446261189878,0.005182806868106127,0.0035264736507087946,0.004054618533700705,0.00404561311006546,0.005769477691501379,0.0032042518723756075,0.004703044425696135,0.004420408979058266,0.0054143983870744705,0.0026341762859374285
11,0.07507947087287903,0.03450094163417816,0.020944340154528618,0.02205491252243519,0.027110150083899498,0.015492018312215805,0.018525023013353348,0.02557159774005413,0.03273003175854683,0.030405623838305473,0.015634940937161446,0.01595250703394413,0.014564202167093754,0.01177990809082985,0.012489547953009605,0.012102530337870121,0.011976756155490875,0.008728832006454468,0.00711015285924077,0.005204563960433006,0.005597732961177826,0.004134305287152529,0.0045631201937794685,0.0029743609484285116,0.004837481305003166,0.00447015929967165,0.004529358819127083,0.003469996154308319,0.003316577523946762,0.0029682752210646868,0.003278803313151002,0.005201071500778198,0.0030764832627028227,0.005605877842754126,0.0030733684543520212,0.004007713403552771,0.003366626799106598,0.003365310374647379,0.0033387234434485435
12,0.08325991034507751,0.03160420060157776,0.021343756467103958,0.02179054729640484,0.011957298964262009,0.02240658923983574,0.020960982888936996,0.03192484378814697,0.029458072036504745,0.025529786944389343,0.02292037196457386,0.019660312682390213,0.016943397000432014,0.013724501244723797,0.013911474496126175,0.013245245441794395,0.010906103998422623,0.009401164948940277,0.008517065085470676,0.008312221616506577,0.006637990474700928,0.0070895906537771225,0.004066921304911375,0.005087703000754118,0.004030509386211634,0.00413587037473917,0.0035694537218660116,0.005241451784968376,0.003170805284753442,0.005452257115393877,0.004571452736854553,0.004651044029742479,0.0028483178466558456,0.002563017187640071,0.0027760181110352278,0.003093858016654849,0.003046424826607108,0.00540204718708992,0.004811410326510668
13,0.07325036078691483,0.027247970923781395,0.027936667203903198,0.019452909007668495,0.020174259319901466,0.01946457102894783,0.018807020038366318,0.026409495621919632,0.030094977468252182,0.0306363794952631,0.0201701782643795,0.01812661997973919,0.01389339566230774,0.01520328875631094,0.016721438616514206,0.01099823135882616,0.013318761251866817,0.010854067280888557,0.00828047376126051,0.006297471933066845,0.007783703040331602,0.004476924426853657,0.004638943821191788,0.005734110251069069,0.005292869172990322,0.005820770747959614,0.006520798429846764,0.005016644950956106,0.0033208918757736683,0.004667158704251051,0.0031094863079488277,0.004950482863932848,0.0040940106846392155,0.003524302039295435,0.004949931986629963,0.004122999496757984,0.003185694105923176,0.004363122396171093,0.004733472131192684
14,0.07224012166261673,0.026925576850771904,0.02167585678398609,0.01875688135623932,0.019635280594229698,0.018227823078632355,0.01701132021844387,0.02357875555753708,0.033045243471860886,0.025364454835653305,0.01975107192993164,0.017256787046790123,0.01583573967218399,0.012574678286910057,0.012090422213077545,0.015444072894752026,0.009613586589694023,0.011268053203821182,0.010598634369671345,0.00597176980227232,0.00753179844468832,0.007525303401052952,0.0046129957772791386,0.005555841606110334,0.003958210349082947,0.0026633371599018574,0.004010751843452454,0.005534800235182047,0.0037883175536990166,0.004923184867948294,0.0032484426628798246,0.004722952842712402,0.0034387914929538965,0.0038750593084841967,0.003273981623351574,0.004217542242258787,0.003651761682704091,0.0033003748394548893,0.002655838616192341
15,0.07422083616256714,0.028404314070940018,0.029658673331141472,0.020324403420090675,0.01290732529014349,0.01627129130065441,0.01449586171656847,0.027356654405593872,0.02855556644499302,0.02680460549890995,0.01930871792137623,0.016788505017757416,0.014748974703252316,0.015323898755013943,0.014760938473045826,0.012720298022031784,0.011840876191854477,0.010182080790400505,0.009643575176596642,0.008177582174539566,0.010030016303062439,0.006748826242983341,0.005874566733837128,0.005207412876188755,0.005410945974290371,0.00477400328963995,0.0034370776265859604,0.00550555344671011,0.004758999217301607,0.006510572973638773,0.0063431644812226295,0.004585532005876303,0.003384827869012952,0.004261372610926628,0.003331810235977173,0.0031906352378427982,0.0032561703119426966,0.002805885626003146,0.004741619806736708
16,0.07074885815382004,0.031048418954014778,0.020794454962015152,0.02348289266228676,0.017478426918387413,0.021235955879092216,0.016590790823101997,0.026608100160956383,0.025491775944828987,0.02812073938548565,0.024844195693731308,0.018607713282108307,0.015684938058257103,0.008219682611525059,0.011642378754913807,0.011979839764535427,0.010162065736949444,0.011326934210956097,0.010394586250185966,0.01030802633613348,0.005980230402201414,0.006448738276958466,0.007300717290490866,0.004411768633872271,0.0038485166151076555,0.005118307191878557,0.005708265118300915,0.00420438963919878,0.0026547638699412346,0.003207143396139145,0.005020502023398876,0.004146363586187363,0.0033833745401352644,0.003787656780332327,0.0030111258383840322,0.0030382773838937283,0.0036440249532461166,0.0037432298995554447,0.00366110447794199
17,0.07272873818874359,0.031592484563589096,0.03226073831319809,0.023018695414066315,0.02035648562014103,0.01893550716340542,0.01742057129740715,0.024646686390042305,0.028171908110380173,0.025927532464265823,0.020315857604146004,0.019430486485362053,0.015123932622373104,0.01097803097218275,0.010974975302815437,0.011869641952216625,0.011054742150008678,0.0072102672420442104,0.00833540316671133,0.00853214506059885,0.006503607612103224,0.00602999422699213,0.005624474957585335,0.0037674119230359793,0.004966074135154486,0.004544244147837162,0.004722178913652897,0.003765982110053301,0.0035492335446178913,0.00428790645673871,0.0032502547837793827,0.0038865776732563972,0.003512466326355934,0.0027564773336052895,0.002931053750216961,0.0028359638527035713,0.003310299711301923,0.004318060353398323,0.004689855966717005
18,0.06606648117303848,0.029684746637940407,0.029070507735013962,0.015894969925284386,0.027021950110793114,0.023458775132894516,0.0165789145976305,0.023524466902017593,0.031079133972525597,0.023634884506464005,0.01970108225941658,0.020889120176434517,0.01506473496556282,0.01514305267482996,0.01008582953363657,0.01219396386295557,0.01075792871415615,0.011147473938763142,0.006925472989678383,0.00831605214625597,0.005901443772017956,0.006724769249558449,0.004757839720696211,0.0037971714045852423,0.003087091026827693,0.0036284702364355326,0.0033508308697491884,0.0034822532907128334,0.003354394342750311,0.005005480255931616,0.0057618035934865475,0.0041764588095247746,0.003697396023198962,0.004484256263822317,0.003482083324342966,0.0030054119415581226,0.003951579332351685,0.004763553850352764,0.004230029881000519
19,0.07740310579538345,0.030148034915328026,0.033431392163038254,0.021441131830215454,0.02578701637685299,0.0157289057970047,0.017897779121994972,0.026975492015480995,0.0295467060059309,0.02675700932741165,0.018317244946956635,0.020785000175237656,0.012247378006577492,0.015894673764705658,0.01020412053912878,0.013002276420593262,0.01004502922296524,0.011351393535733223,0.006860838737338781,0.008603941649198532,0.006682056467980146,0.0068494523875415325,0.0057678548619151115,0.00645709503442049,0.003442182205617428,0.003009473904967308,0.005620324052870274,0.0033557203132659197,0.0039278618060052395,0.0033842124976217747,0.004677123390138149,0.0045414092019200325,0.003233657218515873,0.003761760890483856,0.005003389902412891,0.003945698030292988,0.0038961239624768496,0.0036573694087564945,0.005295724608004093
20,0.06320352107286453,0.021539635956287384,0.0263848677277565,0.027307284995913506,0.01745680347084999,0.022335298359394073,0.015373330563306808,0.022954680025577545,0.02648349292576313,0.02268346957862377,0.02331981435418129,0.014386500231921673,0.017451211810112,0.01400951948016882,0.01215772982686758,0.011593888513743877,0.00897913333028555,0.008413118310272694,0.008200053125619888,0.008206648752093315,0.0071786195039749146,0.007162904366850853,0.00642411271110177,0.0047939918003976345,0.0034584817476570606,0.004704228602349758,0.003499980317428708,0.003416583174839616,0.005848179571330547,0.0036100035067647696,0.0026358808390796185,0.003510263515636325,0.002737529808655381,0.00411007646471262,0.0048251585103571415,0.00421989755704999,0.004728004336357117,0.004607871174812317,0.0047907051630318165
21,0.06613244116306305,0.031476940959692,0.026139087975025177,0.023944785818457603,0.016142074018716812,0.016210924834012985,0.021522654220461845,0.026983866468071938,0.024596428498625755,0.022801686078310013,0.01999003253877163,0.01630428247153759,0.014159048907458782,0.013352492824196815,0.011776906438171864,0.013389714993536472,0.010960414074361324,0.006760952062904835,0.008354581892490387,0.008772204630076885,0.006748266518115997,0.006626103073358536,0.0038052743766456842,0.0051615117117762566,0.0034651695750653744,0.004850336816161871,0.005428956355899572,0.0033875643275678158,0.004564929753541946,0.004866886883974075,0.005219605751335621,0.0037800089921802282,0.004984582774341106,0.0025674724020063877,0.004035767633467913,0.004510771948844194,0.005329342558979988,0.0036059748381376266,0.003910982981324196
22,0.06671692430973053,0.027256427332758904,0.021006008610129356,0.023219211027026176,0.018180912360548973,0.01699492707848549,0.014981938526034355,0.028014637529850006,0.03449198976159096,0.024234510958194733,0.0179040115326643,0.011235857382416725,0.02050778642296791,0.012309915386140347,0.01182747446000576,0.01467364002019167,0.011505705304443836,0.007306980900466442,0.01064564660191536,0.009184812195599079,0.00725514953956008,0.005092374514788389,0.004877100698649883,0.0056227995082736015,0.005126948468387127,0.0053547159768640995,0.003361356444656849,0.004087525419890881,0.003723171539604664,0.004704734776169062,0.0037933632265776396,0.003995699342340231,0.004733942914754152,0.004622291307896376,0.006293363869190216,0.0037501046899706125,0.004398282151669264,0.0041207014583051205,0.0037201344966888428
23,0.06998560577630997,0.027878601104021072,0.03227454051375389,0.017220519483089447,0.01993982493877411,0.021308215335011482,0.01963348127901554,0.029947178438305855,0.031480781733989716,0.025331540033221245,0.020513979718089104,0.017174556851387024,0.01689460687339306,0.013315112330019474,0.012654717080295086,0.011777389794588089,0.010112272575497627,0.007210401818156242,0.006339034531265497,0.006162678822875023,0.006089834496378899,0.0055572642013430595,0.0043434626422822475,0.005038364790380001,0.004087547771632671,0.00331092975102365,0.004454995039850473,0.005818299949169159,0.004231557250022888,0.004151633474975824,0.005316510796546936,0.004030738491564989,0.0031646511051803827,0.0037172881420701742,0.007545141503214836,0.0034746082965284586,0.002917919307947159,0.003257000120356679,0.00447881082072854
24,0.060462191700935364,0.028090910986065865,0.025615110993385315,0.01740126684308052,0.019268041476607323,0.018094263970851898,0.018926264718174934,0.02409108355641365,0.024440987035632133,0.023156147450208664,0.014464699663221836,0.014285912737250328,0.012026919052004814,0.01173204556107521,0.010970836505293846,0.012782222591340542,0.011164600029587746,0.010948887094855309,0.007803276181221008,0.010772337205708027,0.006642957217991352,0.008539289236068726,0.004623443353921175,0.005227879621088505,0.005071180406957865,0.004009533673524857,0.005991029553115368,0.003388224635273218,0.0043763271532952785,0.004296208266168833,0.0040077767334878445,0.004797177389264107,0.003845772473141551,0.002721303142607212,0.004793429747223854,0.0032699897419661283,0.004834773950278759,0.003851923393085599,0.0055693876929581165
25,0.06980565190315247,0.029100187122821808,0.030767375603318214,0.01477883942425251,0.01819855533540249,0.014985665678977966,0.015085684135556221,0.028667695820331573,0.02181057445704937,0.022311583161354065,0.021084018051624298,0.020375575870275497,0.012217029929161072,0.010984999127686024,0.012965410947799683,0.01284873578697443,0.007942688651382923,0.007292344234883785,0.007683705538511276,0.008933807723224163,0.008100330829620361,0.00739587377756834,0.004832570906728506,0.004980303812772036,0.003899193601682782,0.005055698566138744,0.004590610042214394,0.004198222421109676,0.0033535936381667852,0.004237762186676264,0.0038285544142127037,0.003338201902806759,0.00198937370441854,0.005061150062829256,0.0033830420579761267,0.0033455933444201946,0.003751915879547596,0.0035964464768767357,0.0034651020541787148
26,0.059623852372169495,0.027629755437374115,0.021327469497919083,0.022352315485477448,0.018436884507536888,0.017429057508707047,0.015049200505018234,0.026630867272615433,0.023861434310674667,0.02340145781636238,0.01926157996058464,0.01800612173974514,0.012469762936234474,0.01268936786800623,0.011723313480615616,0.013994082808494568,0.009717279113829136,0.01327414158731699,0.007998602464795113,0.011142201721668243,0.0068099056370556355,0.006223117932677269,0.005472524091601372,0.006328723393380642,0.005001476500183344,0.005869431886821985,0.00470716692507267,0.0038592463824898005,0.005701994523406029,0.005002154968678951,0.003997246269136667,0.005376142915338278,0.004146302118897438,0.0033759530633687973,0.0032483490649610758,0.0036182128824293613,0.005861287005245686,0.00438171811401844,0.004264121875166893
27,0.06643915176391602,0.029039651155471802,0.027340106666088104,0.018712293356657028,0.02608354389667511,0.01761750876903534,0.015601872466504574,0.027785416692495346,0.029374515637755394,0.02103160135447979,0.020197490230202675,0.015230216085910797,0.014509915374219418,0.010344196110963821,0.010707980021834373,0.01599653996527195,0.013031281530857086,0.008710222318768501,0.01382933184504509,0.008120421320199966,0.00652632350102067,0.007533568888902664,0.005587701220065355,0.004497383255511522,0.0032192666549235582,0.004451429005712271,0.004760506097227335,0.003908289130777121,0.003792337840422988,0.004294222686439753,0.0033948300406336784,0.00295348116196692,0.004912130534648895,0.0031193408649414778,0.003830112051218748,0.004784409888088703,0.005386195611208677,0.0028609714936465025,0.003539219032973051
28,0.06217033043503761,0.027071800082921982,0.024583572521805763,0.01583784818649292,0.019591964781284332,0.015370344743132591,0.021057287231087685,0.025797734037041664,0.02688426710665226,0.01971706934273243,0.021913083270192146,0.016817720606923103,0.01362203061580658,0.013259445317089558,0.011696901172399521,0.009283107705414295,0.0073209297843277454,0.007757682353258133,0.008488982915878296,0.0071953823789954185,0.007204763125628233,0.007466638460755348,0.0034233639016747475,0.003910696133971214,0.006811087019741535,0.004581743851304054,0.005019202828407288,0.004352707415819168,0.00462685152888298,0.0037709984462708235,0.0035353724379092455,0.002870628610253334,0.004093825351446867,0.004226526711136103,0.0035246298648416996,0.0038919425569474697,0.0047679478302598,0.005574183538556099,0.0026745214127004147
29,0.06582234799861908,0.025565803050994873,0.030171234160661697,0.01947305165231228,0.018668893724679947,0.02167891338467598,0.015401026234030724,0.024952614679932594,0.027796318754553795,0.023361308500170708,0.017423903569579124,0.019892092794179916,0.013293727301061153,0.011460729874670506,0.010311423800885677,0.012537161819636822,0.008035160601139069,0.007964974269270897,0.007511293049901724,0.010492458008229733,0.004942548461258411,0.007150417193770409,0.004085395485162735,0.0048591881059110165,0.004521697759628296,0.00413176603615284,0.0038007895927876234,0.0049984874203801155,0.005130309611558914,0.005955161061137915,0.002849056152626872,0.0039077154360711575,0.0031466239597648382,0.004218957852572203,0.004343296866863966,0.00368868256919086,0.0035329742822796106,0.004305290058255196,0.0032332423143088818
30,0.059063129127025604,0.02840161882340908,0.026914076879620552,0.019643865525722504,0.01791929453611374,0.017131002619862556,0.012303587980568409,0.02279439941048622,0.027761001139879227,0.02024521492421627,0.015811167657375336,0.012677446007728577,0.013454238884150982,0.017480069771409035,0.010495795868337154,0.014335118234157562,0.011807535775005817,0.009154430590569973,0.010208101943135262,0.00823838822543621,0.006112396717071533,0.0060812742449343204,0.0057505397126078606,0.006294853985309601,0.003366479417309165,0.004027595743536949,0.0036397462245076895,0.0053924149833619595,0.004038198851048946,0.002969422610476613,0.00371009879745543,0.004811188671737909,0.0036879382096230984,0.003015336347743869,0.0033564965706318617,0.0032456624321639538,0.0031421934254467487,0.005090650171041489,0.0034345563035458326
31,0.05521595478057861,0.021919500082731247,0.02493143081665039,0.02742888778448105,0.022202827036380768,0.02043910324573517,0.020007023587822914,0.027630837634205818,0.026656847447156906,0.02114458940923214,0.01836766116321087,0.01912529766559601,0.015554931946098804,0.013064928352832794,0.01205082144588232,0.01093643344938755,0.010459084995090961,0.006818810943514109,0.009024961851537228,0.006844247225672007,0.007025590632110834,0.0077910758554935455,0.005697658751159906,0.005419271066784859,0.005545205436646938,0.005160899832844734,0.004395682364702225,0.0031989309936761856,0.004152616020292044,0.00402073422446847,0.0045475345104932785,0.003819416044279933,0.00410301610827446,0.0026886537671089172,0.004140358883887529,0.0038676122203469276,0.003867665072903037,0.003731817239895463,0.004230231512337923
32,0.06946320831775665,0.03082858771085739,0.02284189499914646,0.01883111149072647,0.015510601922869682,0.023332564160227776,0.015634922310709953,0.03014148771762848,0.022046111524105072,0.024449026212096214,0.020107662305235863,0.01719466596841812,0.015332523733377457,0.012632532976567745,0.009061277844011784,0.01049979217350483,0.012141937389969826,0.008077927865087986,0.01042630523443222,0.011356146074831486,0.005653258878737688,0.005341977346688509,0.006070962641388178,0.006551532074809074,0.005111427046358585,0.003700673347339034,0.004750174004584551,0.004047263413667679,0.004053718410432339,0.003173328936100006,0.0033959010615944862,0.00361629412509501,0.005354434717446566,0.0030088424682617188,0.00455700745806098,0.005183474626392126,0.003166043432429433,0.00410815654322505,0.0028351102955639362
33,0.055185843259096146,0.02319653145968914,0.01993270218372345,0.018037835136055946,0.022184167057275772,0.015218383632600307,0.017644822597503662,0.0247019175440073,0.021730711683630943,0.02081318385899067,0.021412795409560204,0.014613313600420952,0.014116806909441948,0.014620720408856869,0.011216518469154835,0.011731245554983616,0.01002703607082367,0.007283264305442572,0.00875942874699831,0.007854565046727657,0.00898702722042799,0.006900011096149683,0.004470249637961388,0.005158711224794388,0.0038533583283424377,0.0035267388448119164,0.0037735835649073124,0.002792794955894351,0.003343898570165038,0.0032447960693389177,0.0035074285697191954,0.004321024753153324,0.003604804864153266,0.003374754684045911,0.0029647352639585733,0.0033055217936635017,0.004498323425650597,0.0033450128976255655,0.004026805050671101
34,0.05840602144598961,0.03026527166366577,0.023230167105793953,0.022309930995106697,0.01779918558895588,0.017792532220482826,0.0214878860861063,0.025418279692530632,0.026197733357548714,0.02329360507428646,0.015972530469298363,0.018265843391418457,0.014554966241121292,0.013830436393618584,0.010420989245176315,0.013964292593300343,0.011109632439911366,0.010535665787756443,0.006449551321566105,0.010943503119051456,0.007951941341161728,0.007798667531460524,0.003831086214631796,0.00550432875752449,0.003984362352639437,0.0054202601313591,0.0051971799694001675,0.0049105421639978886,0.004064671229571104,0.005699495319277048,0.0034273467026650906,0.005315753631293774,0.0037312547210603952,0.0034724310971796513,0.0025436850264668465,0.0026519671082496643,0.004116172902286053,0.004362672101706266,0.0034527252428233624
35,0.05368580296635628,0.026792434975504875,0.02011137269437313,0.021970748901367188,0.017143236473202705,0.016367943957448006,0.017375800758600235,0.024760546162724495,0.024201367050409317,0.02146562933921814,0.021189238876104355,0.012302287854254246,0.017820579931139946,0.010049073956906796,0.013105044141411781,0.010365183465182781,0.009974433109164238,0.008620275184512138,0.007491016760468483,0.007992589846253395,0.00843369122594595,0.006824036128818989,0.005319847725331783,0.0048985593020915985,0.004272122867405415,0.004011875484138727,0.004614928271621466,0.00487017584964633,0.005370760802179575,0.005234029144048691,0.0032735010609030724,0.006116642616689205,0.0036406631115823984,0.0028610494919121265,0.005180347710847855,0.004643478896468878,0.005138552747666836,0.0041324119083583355,0.004738629329949617
36,0.05573206767439842,0.033437494188547134,0.02419217862188816,0.017996083945035934,0.01762794703245163,0.01437027845531702,0.019983794540166855,0.024578027427196503,0.02472771145403385,0.019547786563634872,0.017431722953915596,0.023099543526768684,0.01439601369202137,0.010833052918314934,0.014027430675923824,0.011168498545885086,0.012170461937785149,0.007921499200165272,0.008537428453564644,0.010274438187479973,0.00941678136587143,0.004150780383497477,0.004271063022315502,0.004866487346589565,0.0054674637503921986,0.004359313286840916,0.002837776904925704,0.005605789832770824,0.004475475288927555,0.003225082065910101,0.0035613079089671373,0.003489026566967368,0.0031490500550717115,0.004575515165925026,0.004679013974964619,0.0036282686050981283,0.00523675512522459,0.003722177352756262,0.00338152889162302
37,0.05845722556114197,0.024270815774798393,0.026363343000411987,0.020242102444171906,0.01773841492831707,0.024604404345154762,0.015572397969663143,0.02220647782087326,0.02699575200676918,0.020644424483180046,0.019072821363806725,0.017728019505739212,0.012879947200417519,0.014933525584638119,0.014778785407543182,0.00950870756059885,0.012539692223072052,0.009174310602247715,0.01003763172775507,0.005280140321701765,0.006707099732011557,0.007428477518260479,0.006620468571782112,0.005206355359405279,0.0034207648131996393,0.005489740986377001,0.0035411622375249863,0.005145967472344637,0.00501984590664506,0.0036577864084392786,0.003757164115086198,0.0037424243055284023,0.004203626420348883,0.002704814774915576,0.003030714113265276,0.003116372274234891,0.004432267509400845,0.004631586838513613,0.0030282745137810707
38,0.06045011430978775,0.022246386855840683,0.019816631451249123,0.02393914945423603,0.01826583780348301,0.01879316195845604,0.015860453248023987,0.02718534879386425,0.03060760721564293,0.019160332158207893,0.017524855211377144,0.01919649913907051,0.013930534943938255,0.016356507316231728,0.009959079325199127,0.011857225559651852,0.010985922068357468,0.007748374715447426,0.008350483141839504,0.007274193223565817,0.006284982431679964,0.007744213100522757,0.004407630767673254,0.0037646933924406767,0.004792499355971813,0.003811455797404051,0.003164164023473859,0.0041762650944292545,0.00608296412974596,0.0038250142242759466,0.003574495203793049,0.002782217925414443,0.004157877527177334,0.003907910548150539,0.0040264129638671875,0.0023509834427386522,0.0037691928446292877,0.0032169162295758724,0.005131250247359276
39,0.0637800469994545,0.03719671070575714,0.02670126035809517,0.018540358170866966,0.019894490018486977,0.02191075123846531,0.021191133186221123,0.03260127454996109,0.02645248733460903,0.01734195649623871,0.018256962299346924,0.01319446973502636,0.014880971051752567,0.011929546482861042,0.008142736740410328,0.012802816927433014,0.009843179024755955,0.006977185606956482,0.008393606171011925,0.007565306033939123,0.008382683619856834,0.0086355647072196,0.003747436683624983,0.005620589479804039,0.006085693370550871,0.004462102893739939,0.00462334742769599,0.004258496221154928,0.0035159701947122812,0.004493901506066322,0.003630097722634673,0.003320327028632164,0.0027426155284047127,0.003514437237754464,0.006001485977321863,0.002495924709364772,0.004408701788634062,0.003500694641843438,0.003934236243367195
40,0.05651061609387398,0.027324022725224495,0.025326531380414963,0.0268593430519104,0.01981748826801777,0.021230006590485573,0.017822377383708954,0.027268340811133385,0.02598291076719761,0.019830800592899323,0.019301865249872208,0.011058189906179905,0.01165931299328804,0.014565127901732922,0.013310887850821018,0.00842772051692009,0.010356896556913853,0.009947235696017742,0.008554641157388687,0.006858529523015022,0.006450281478464603,0.005647827871143818,0.004720361437648535,0.004688692279160023,0.00498187355697155,0.0038101538084447384,0.004670918453484774,0.0031529590487480164,0.004701944999396801,0.005438235588371754,0.004287053365260363,0.006118950434029102,0.003652641549706459,0.004199976101517677,0.005831688176840544,0.0034763009753078222,0.00302577530965209,0.003196289064362645,0.002601022832095623
41,0.05248700827360153,0.026552623137831688,0.029114870354533195,0.015862680971622467,0.01751326024532318,0.0182019155472517,0.027780165895819664,0.026985814794898033,0.025766966864466667,0.01803935505449772,0.013949865475296974,0.01735253818333149,0.011821845546364784,0.014045902527868748,0.01280378457158804,0.013709858991205692,0.011351731605827808,0.008251979947090149,0.010564378462731838,0.008884035982191563,0.007423026487231255,0.007957419380545616,0.00533660501241684,0.005207554902881384,0.0034800455905497074,0.00414693308994174,0.004071540664881468,0.006261385045945644,0.0034217534121125937,0.004119835328310728,0.0036955734249204397,0.004556808155030012,0.004460255615413189,0.003968161065131426,0.004098694305866957,0.003917984198778868,0.005013187415897846,0.0039296261966228485,0.003647840116173029
42,0.046853579580783844,0.023181023076176643,0.025047406554222107,0.0222675409168005,0.027260271832346916,0.024879755452275276,0.01891222409904003,0.029163287952542305,0.02259165048599243,0.022584926337003708,0.016442229971289635,0.016455132514238358,0.01185356080532074,0.013505512848496437,0.015098046511411667,0.010302532464265823,0.011907719075679779,0.007624401245266199,0.00727958744391799,0.008509538136422634,0.008013022132217884,0.007056023459881544,0.004307645373046398,0.005168909206986427,0.004504402633756399,0.004798722453415394,0.004573331214487553,0.0036242243368178606,0.003927357494831085,0.005495048128068447,0.005560857709497213,0.003796531818807125,0.004963103216141462,0.003934638574719429,0.0034903378691524267,0.003570601576939225,0.003482115687802434,0.003710689954459667,0.0035665303003042936
43,0.04110516235232353,0.018557127565145493,0.028609931468963623,0.015693075954914093,0.01913326419889927,0.016621803864836693,0.017174169421195984,0.023074926808476448,0.023075055330991745,0.018013842403888702,0.01590493880212307,0.01878904551267624,0.01615183614194393,0.011319796554744244,0.015405964106321335,0.012607904151082039,0.012075815349817276,0.008849228732287884,0.007895009592175484,0.008616880513727665,0.0066837589256465435,0.005342820193618536,0.005599589087069035,0.005041495431214571,0.004616707097738981,0.006728906184434891,0.004482255782932043,0.004404678475111723,0.004737867508083582,0.005780190695077181,0.0046019298024475574,0.004373068921267986,0.003204532666131854,0.003881216747686267,0.0022759034764021635,0.0034556903410702944,0.00370581797324121,0.00371487345546484,0.003327663755044341
44,0.05588738992810249,0.02340242639183998,0.016903644427657127,0.023256367072463036,0.020712461322546005,0.019995706155896187,0.019127419218420982,0.0278975460678339,0.02709076926112175,0.022340791299939156,0.017907189205288887,0.01591099053621292,0.016297249123454094,0.014684151858091354,0.01232093945145607,0.012626956216990948,0.01310522947460413,0.006678316742181778,0.00749577721580863,0.010460070334374905,0.0076379235833883286,0.006127513479441404,0.004548949189484119,0.005044966470450163,0.005432295147329569,0.005122210364788771,0.0038072846364229918,0.00409256387501955,0.0036595920100808144,0.003065359080210328,0.0030159917660057545,0.004051280673593283,0.0036798648070544004,0.0035112560726702213,0.005031128879636526,0.004766586236655712,0.0033445756416767836,0.004051108844578266,0.0027924194000661373
45,0.05464278534054756,0.0375530906021595,0.02698955126106739,0.021279603242874146,0.0222427099943161,0.018799912184476852,0.015520214103162289,0.028141019865870476,0.022835945710539818,0.021914610639214516,0.014588432386517525,0.016892926767468452,0.01318135391920805,0.011904829181730747,0.009611456654965878,0.010117768310010433,0.009573024697601795,0.0074332416988909245,0.012239300645887852,0.010249157436192036,0.008712712675333023,0.00612215930595994,0.00800379365682602,0.00414174934849143,0.004026304464787245,0.003455223049968481,0.004645020235329866,0.004334025084972382,0.003349064849317074,0.004061597865074873,0.003452048636972904,0.005397304892539978,0.003014571266248822,0.0061097820289433,0.002764293923974037,0.0032447981648147106,0.0029749295208603144,0.006509985774755478,0.003412310965359211
46,0.051718372851610184,0.021633155643939972,0.019870266318321228,0.014174122363328934,0.015457682311534882,0.01659892499446869,0.014799999073147774,0.028668643906712532,0.022553598508238792,0.02219165302813053,0.01953575760126114,0.020708929747343063,0.01212234701961279,0.011014582589268684,0.013108299113810062,0.011128117330372334,0.009064413607120514,0.011455790139734745,0.008150962181389332,0.008687821216881275,0.005969073157757521,0.006909702438861132,0.004641769919544458,0.0045595914125442505,0.0033969650976359844,0.003521340200677514,0.0034691377077251673,0.004467568825930357,0.004676278214901686,0.004403202328830957,0.0034015988931059837,0.0033897925168275833,0.004472082480788231,0.0028525416273623705,0.004495454486459494,0.003998590633273125,0.00325715821236372,0.004316400736570358,0.0031457296572625637
47,0.05027823895215988,0.027507636696100235,0.029774649068713188,0.0227789506316185,0.019042933359742165,0.019678516313433647,0.016266459599137306,0.02785825915634632,0.025366269052028656,0.017757831141352654,0.01328396238386631,0.015355521813035011,0.012570441700518131,0.00968098547309637,0.011550838127732277,0.012630018405616283,0.012293487787246704,0.011594473384320736,0.009642288088798523,0.007753701880574226,0.004735656548291445,0.005989883095026016,0.004509495105594397,0.0033929096534848213,0.0040984018705785275,0.005056616384536028,0.0036934560630470514,0.0029775728471577168,0.0024273041635751724,0.004168574698269367,0.003910214174538851,0.005329207982867956,0.00426563061773777,0.0053755310364067554,0.003124415874481201,0.0038988813757896423,0.004771172534674406,0.0032343948259949684,0.003056485904380679
48,0.04929329827427864,0.026749005541205406,0.0197572223842144,0.026133520528674126,0.016741672530770302,0.02154240384697914,0.015943845734000206,0.023566173389554024,0.027300411835312843,0.02168785035610199,0.016724077984690666,0.015301017090678215,0.01879720203578472,0.009478837251663208,0.011112558655440807,0.013433145359158516,0.00815040897578001,0.009337293915450573,0.008381390012800694,0.010084344074130058,0.005614949855953455,0.004331330303102732,0.0060242111794650555,0.003902846248820424,0.005065379664301872,0.004072913434356451,0.0034569380804896355,0.0029712531249970198,0.003719050670042634,0.003458982100710273,0.003807922825217247,0.004500215873122215,0.0035722150932997465,0.004804243799299002,0.003631401574239135,0.0035788246896117926,0.0031077114399522543,0.004568173084408045,0.003043969627469778
49,0.048585131764411926,0.025532690808176994,0.028904706239700317,0.017937667667865753,0.01903863064944744,0.023727789521217346,0.018452132120728493,0.023330627009272575,0.02126290276646614,0.018699217587709427,0.020609118044376373,0.015541923232376575,0.012809839099645615,0.01204584538936615,0.010314683429896832,0.014941264875233173,0.010193847119808197,0.008035076782107353,0.009838002733886242,0.009753013029694557,0.007850950583815575,0.005907334852963686,0.005758281331509352,0.005234610754996538,0.003644614014774561,0.005134228151291609,0.005901970434933901,0.003481645369902253,0.0034773172810673714,0.004089349880814552,0.004835859406739473,0.0033578108996152878,0.004557196516543627,0.002989409724250436,0.0030453999061137438,0.0032176803797483444,0.004040910862386227,0.0029166415333747864,0.00272834999486804
50,0.05086493864655495,0.026549167931079865,0.020325781777501106,0.014927683398127556,0.02046644501388073,0.017003312706947327,0.01691615767776966,0.024237865582108498,0.02719242125749588,0.022417237982153893,0.017710311338305473,0.01786843128502369,0.01189357414841652,0.013175924308598042,0.00966823659837246,0.015525826252996922,0.013607123866677284,0.009771856479346752,0.008720792829990387,0.008165362291038036,0.007625220809131861,0.007353841792792082,0.005804922431707382,0.0047056288458406925,0.0028750370256602764,0.004598095081746578,0.0032914194744080305,0.004125107545405626,0.003488378133624792,0.003418210195377469,0.003727527102455497,0.0034085693769156933,0.00351436878554523,0.003614045912399888,0.003980888053774834,0.004430133383721113,0.003947296179831028,0.006060598883777857,0.0032008932903409004
51,0.04843367263674736,0.028661977499723434,0.02570362389087677,0.02173805423080921,0.019958028569817543,0.018262064084410667,0.021637318655848503,0.027563579380512238,0.019908171147108078,0.02008040063083172,0.022421304136514664,0.015517612919211388,0.012624281458556652,0.01120077259838581,0.009594355709850788,0.012247821316123009,0.009795868769288063,0.009917356073856354,0.00977278407663107,0.008619485422968864,0.006973478011786938,0.0058090765960514545,0.005491058342158794,0.0038619760889559984,0.004106156062334776,0.004590515047311783,0.004180611576884985,0.004405976738780737,0.006026676390320063,0.0030223298817873,0.002732021501287818,0.0028997280169278383,0.003996808547526598,0.00479107303544879,0.003543485188856721,0.0036463472060859203,0.002978032920509577,0.004644637927412987,0.0036664390936493874
52,0.05362054333090782,0.028273802250623703,0.02471742406487465,0.01877303421497345,0.016016662120819092,0.020141365006566048,0.021334152668714523,0.025439122691750526,0.02410978637635708,0.02127203345298767,0.018931571394205093,0.01898902840912342,0.012796038761734962,0.00948887225240469,0.013135725632309914,0.014653824269771576,0.009207749739289284,0.010807734914124012,0.007358808070421219,0.010651481337845325,0.008057523518800735,0.005900077521800995,0.005468287039548159,0.0046502710320055485,0.004140251316130161,0.004125015344470739,0.0029169542249292135,0.004091612063348293,0.0030867939349263906,0.004493420477956533,0.004956208635121584,0.004592373967170715,0.0045693679712712765,0.004991538822650909,0.004285494796931744,0.004106711596250534,0.0024379855021834373,0.002515819389373064,0.006002013571560383
53,0.05316916108131409,0.03255220502614975,0.020485326647758484,0.015714114531874657,0.013735133223235607,0.015767939388751984,0.014462650753557682,0.027370154857635498,0.027513906359672546,0.01899731531739235,0.021633489057421684,0.017841355875134468,0.011607736349105835,0.013043023645877838,0.013431326486170292,0.010147043503820896,0.00976493488997221,0.011734791100025177,0.010188167914748192,0.008046156726777554,0.007261928636580706,0.006331193260848522,0.005690452177077532,0.005564686842262745,0.003685277421027422,0.004603142850100994,0.004591363947838545,0.0051311044953763485,0.0038380662444978952,0.0036694551818072796,0.004638452082872391,0.004800787661224604,0.004035827703773975,0.002543153939768672,0.0044033462181687355,0.0031172875314950943,0.0029386028181761503,0.005741728935390711,0.005734829232096672
54,0.04690277948975563,0.025977885350584984,0.033998455852270126,0.018847493454813957,0.014369925484061241,0.011906551197171211,0.016936104744672775,0.02748841419816017,0.023308943957090378,0.021861599758267403,0.01793067716062069,0.01511380635201931,0.010091708041727543,0.010374831035733223,0.011392408981919289,0.010955401696264744,0.009673427790403366,0.008604687638580799,0.007848275825381279,0.005778855178505182,0.007442162837833166,0.006147337146103382,0.005047146696597338,0.004722869489341974,0.003850256558507681,0.0043056136928498745,0.005329669453203678,0.003637308720499277,0.0030652473215013742,0.004449098836630583,0.004437001422047615,0.004067631438374519,0.004311288706958294,0.005502643063664436,0.0028111995197832584,0.004185903817415237,0.004762186203151941,0.004876985214650631,0.0032548566814512014
55,0.04290667176246643,0.02071131020784378,0.024151276797056198,0.020988646894693375,0.011130614206194878,0.011648844927549362,0.018541743978857994,0.029254285618662834,0.022067129611968994,0.017119375988841057,0.014545944519340992,0.022655175998806953,0.014305905438959599,0.008562722243368626,0.008831602521240711,0.008850622922182083,0.007172387093305588,0.009183415211737156,0.011268752627074718,0.01068037562072277,0.008095034398138523,0.006115340627729893,0.004098289646208286,0.004073547665029764,0.004986890126019716,0.005108637269586325,0.0043703666888177395,0.00389786995947361,0.003530351910740137,0.0032258187420666218,0.002352715702727437,0.004268654156476259,0.006193118169903755,0.0038876107428222895,0.004047139082103968,0.0034193960018455982,0.004782081115990877,0.002947004046291113,0.003705363953486085
56,0.04416205734014511,0.03119957260787487,0.029345795512199402,0.020866094157099724,0.017532294616103172,0.01435629278421402,0.014791558496654034,0.02534879930317402,0.03332856297492981,0.020238973200321198,0.01714785397052765,0.020286772400140762,0.012958553619682789,0.009857392869889736,0.009525179862976074,0.011172626167535782,0.010696236975491047,0.007973100058734417,0.007862946018576622,0.008774183690547943,0.00680118054151535,0.0059790476225316525,0.004851248115301132,0.004934129770845175,0.007312334142625332,0.00395391508936882,0.0027242135256528854,0.0038675223477184772,0.004071890842169523,0.004158375784754753,0.0025264094583690166,0.005309571512043476,0.003907765727490187,0.002756128553301096,0.0025446643121540546,0.003108744975179434,0.003518730401992798,0.003092959290370345,0.002583151450380683
57,0.04246705770492554,0.022664787247776985,0.027795661240816116,0.012679989449679852,0.015924427658319473,0.019902260974049568,0.013426639139652252,0.024481236934661865,0.02016802877187729,0.022884098812937737,0.02136569283902645,0.017808444797992706,0.017313221469521523,0.014592934399843216,0.013652270659804344,0.011234425008296967,0.013117016293108463,0.008688532747328281,0.011618793942034245,0.009385857731103897,0.006046516355127096,0.009181491099298,0.004866651725023985,0.004397539421916008,0.00417939480394125,0.004604379180818796,0.004080574493855238,0.005093738436698914,0.004154041409492493,0.003915392328053713,0.004148096311837435,0.0027740714140236378,0.005414189305156469,0.0028827404603362083,0.004836175590753555,0.003908286802470684,0.004179403651505709,0.004113698378205299,0.00414170091971755
58,0.04432777687907219,0.027546783909201622,0.02814258076250553,0.016051873564720154,0.025493718683719635,0.01979084126651287,0.019740669056773186,0.023723704740405083,0.021818416193127632,0.019619623199105263,0.017880110070109367,0.015606786124408245,0.015382686629891396,0.014491060748696327,0.010957620106637478,0.007818943820893764,0.010006202384829521,0.007572364993393421,0.008565103635191917,0.005660259164869785,0.008279524743556976,0.005785906687378883,0.004750623367726803,0.0052200318314135075,0.005881945136934519,0.003974792081862688,0.003489329945296049,0.00324046378955245,0.004536804277449846,0.003695204621180892,0.004448533523827791,0.006543755065649748,0.0037067588418722153,0.003139705862849951,0.0051986840553581715,0.003485017688944936,0.00423923647031188,0.004231632221490145,0.004069711081683636
59,0.05803455784916878,0.0255462396889925,0.02120782621204853,0.02223920077085495,0.018429895862936974,0.016828229650855064,0.015242533758282661,0.025599919259548187,0.018468067049980164,0.020836632698774338,0.014135140925645828,0.017816411331295967,0.013086942955851555,0.011211351491510868,0.012272492982447147,0.013308215886354446,0.015367957763373852,0.013269922696053982,0.0076102279126644135,0.005990977864712477,0.007781494874507189,0.005941060371696949,0.005342522170394659,0.006421215832233429,0.0063353949226439,0.004959998652338982,0.004234155640006065,0.004167906474322081,0.0030211927369236946,0.005110093858093023,0.004221419338136911,0.004143107682466507,0.0032403944060206413,0.004755423869937658,0.004704427905380726,0.004912745673209429,0.003648004261776805,0.0031548738479614258,0.003880448639392853
60,0.05318719521164894,0.030092699453234673,0.021005336195230484,0.022203292697668076,0.015303985215723515,0.01555365789681673,0.016282541677355766,0.01977153867483139,0.01817329414188862,0.01979290321469307,0.01838109828531742,0.01542136911302805,0.01826918125152588,0.009045623242855072,0.00997027289122343,0.009541599079966545,0.01146768219769001,0.00727163115516305,0.008985414169728756,0.009064299054443836,0.005521663464605808,0.0073276665061712265,0.006518405396491289,0.00476349052041769,0.004404040984809399,0.004189075902104378,0.004913039971143007,0.0033403460402041674,0.004640114959329367,0.003609131556004286,0.0035754386335611343,0.004454626236110926,0.004179982002824545,0.0036006600130349398,0.0032087834551930428,0.004784810356795788,0.005754344165325165,0.0036291535943746567,0.003953781444579363
61,0.04741334542632103,0.02289498597383499,0.02787749655544758,0.022082963958382607,0.024073386564850807,0.01538448128849268,0.01472530234605074,0.026475325226783752,0.025174573063850403,0.023265870288014412,0.018941979855298996,0.01996847242116928,0.015607353299856186,0.013999620452523232,0.008901559747755527,0.01144825853407383,0.009152268059551716,0.0076325624249875546,0.010944443754851818,0.01007489487528801,0.009785779751837254,0.006670454982668161,0.004910671152174473,0.007218328304588795,0.003972924780100584,0.003642367897555232,0.0046249935403466225,0.004897919483482838,0.0031917302403599024,0.0035953843034803867,0.004945584572851658,0.004791868384927511,0.004929666873067617,0.005127808544784784,0.0036778543144464493,0.0034458981826901436,0.004883181303739548,0.00322597473859787,0.003444531699642539
62,0.04179641976952553,0.02424471080303192,0.01893928088247776,0.01991078443825245,0.017740480601787567,0.021304097026586533,0.018193872645497322,0.025571295991539955,0.021166307851672173,0.01950150355696678,0.025249101221561432,0.013838415965437889,0.009953748434782028,0.010104136541485786,0.012297452427446842,0.013077757321298122,0.007556752767413855,0.008132916875183582,0.007554938085377216,0.008222902193665504,0.006172351073473692,0.006151497829705477,0.004565941635519266,0.0036820333916693926,0.0048768166452646255,0.004519511945545673,0.0042557246051728725,0.004004594404250383,0.005070038605481386,0.004163862206041813,0.004511813633143902,0.0029679222498089075,0.0036925766617059708,0.0059849172830581665,0.0033319261856377125,0.0034285620786249638,0.004297181498259306,0.005239678081125021,0.004010537173599005
63,0.04907596856355667,0.02897455543279648,0.02448807656764984,0.021460650488734245,0.018588297069072723,0.02078273519873619,0.01926683820784092,0.02405031956732273,0.0230686254799366,0.02063179202377796,0.020349901169538498,0.013497116975486279,0.011489462107419968,0.011866041459143162,0.011717356741428375,0.01130853220820427,0.010265832766890526,0.007594645023345947,0.009759780019521713,0.009613419882953167,0.005054839421063662,0.007582167629152536,0.005455342121422291,0.006183292251080275,0.004544881172478199,0.003930517006665468,0.004316908773034811,0.003974591847509146,0.004759178496897221,0.0041421945206820965,0.004698889330029488,0.003000071505084634,0.004592289682477713,0.003929295111447573,0.003430652432143688,0.0034729703329503536,0.005695619620382786,0.0030727279372513294,0.0036106619518250227
64,0.04275945574045181,0.028564702719449997,0.018905647099018097,0.02536064386367798,0.020495416596531868,0.016592347994446754,0.017967920750379562,0.022348027676343918,0.017580436542630196,0.019203567877411842,0.019897975027561188,0.017863845452666283,0.014852120541036129,0.014518209733068943,0.011531435884535313,0.011776527389883995,0.01401796005666256,0.008759497664868832,0.008071801625192165,0.010807913728058338,0.006505799479782581,0.005661463364958763,0.005862342659384012,0.004504371900111437,0.005663674790412188,0.004638702142983675,0.006974554620683193,0.0023218817077577114,0.0037957611493766308,0.0040266141295433044,0.003881047246977687,0.004884354304522276,0.004567150492221117,0.004426436964422464,0.0032885714899748564,0.0032666632905602455,0.0040885694324970245,0.003360631177201867,0.003378407098352909
65,0.04480433091521263,0.025121357291936874,0.025536250323057175,0.019698195159435272,0.013905879110097885,0.01713300123810768,0.019000055268406868,0.022621050477027893,0.027118036523461342,0.02180078625679016,0.018615396693348885,0.01843651570379734,0.015773756429553032,0.015037600882351398,0.013563514687120914,0.013479746878147125,0.010883789509534836,0.011150657199323177,0.0057053579948842525,0.007884767837822437,0.007718200795352459,0.006575917825102806,0.0057101985439658165,0.003946311306208372,0.005557455122470856,0.0048682852648198605,0.004177064169198275,0.003812168026342988,0.0036846078000962734,0.004139586817473173,0.003227974520996213,0.003483481239527464,0.0038567024748772383,0.004757041111588478,0.003338949289172888,0.005777357146143913,0.0038461608346551657,0.0034306116867810488,0.006141053978353739
66,0.047271255403757095,0.02576645277440548,0.019522851333022118,0.017642347142100334,0.015479733236134052,0.012355214916169643,0.017628028988838196,0.025908058509230614,0.025035424157977104,0.0174726415425539,0.012081194669008255,0.013873696327209473,0.011751960963010788,0.00817134790122509,0.013424993492662907,0.01268727332353592,0.010853157378733158,0.00800880417227745,0.007593931630253792,0.00710254954174161,0.006802281830459833,0.005971814040094614,0.005122600123286247,0.004005347844213247,0.006150186061859131,0.004800521768629551,0.004111682530492544,0.003938436042517424,0.004558279644697905,0.004673467483371496,0.004281183239072561,0.004862155765295029,0.0037180727813392878,0.0026321010664105415,0.00410813745111227,0.004320288076996803,0.0030945243779569864,0.005012450739741325,0.0032345899380743504
67,0.03996244817972183,0.026463372632861137,0.027151817455887794,0.028466999530792236,0.020988047122955322,0.020101258531212807,0.020649654790759087,0.024711182340979576,0.025990352034568787,0.016955861821770668,0.01668556034564972,0.01647033728659153,0.014418993145227432,0.012186151929199696,0.011656858026981354,0.010760576464235783,0.010825969278812408,0.00803370214998722,0.0076256184838712215,0.008452488109469414,0.006576063111424446,0.005962430965155363,0.00577104277908802,0.004791436716914177,0.003978721331804991,0.003273005597293377,0.003226903732866049,0.003286921652033925,0.004514853470027447,0.003493094351142645,0.005777645856142044,0.0039404756389558315,0.006584418471902609,0.004787657409906387,0.004040277563035488,0.0031714437063783407,0.0038138434756547213,0.003071397542953491,0.003099295776337385
68,0.036015257239341736,0.0231931135058403,0.022135989740490913,0.024760819971561432,0.01891927979886532,0.025723984465003014,0.016322709619998932,0.026730291545391083,0.020426642149686813,0.01874541863799095,0.020974770188331604,0.014440535567700863,0.014165755361318588,0.013975748792290688,0.01160707138478756,0.010079819709062576,0.011277340352535248,0.008404389023780823,0.008356429636478424,0.007890962064266205,0.005757033359259367,0.008039630949497223,0.004322542808949947,0.005805145483464003,0.003624092321842909,0.005002761259675026,0.003999847453087568,0.002901545027270913,0.004945834167301655,0.0048972745425999165,0.003980709705501795,0.004114847630262375,0.0036803025286644697,0.005553684663027525,0.006613753270357847,0.0034896733704954386,0.00435169180855155,0.00414708536118269,0.003753998316824436
69,0.038857340812683105,0.02544889785349369,0.02626088447868824,0.023300068452954292,0.01878432370722294,0.01839865930378437,0.018602650612592697,0.021312236785888672,0.026368720456957817,0.021607572212815285,0.01641630008816719,0.016588866710662842,0.010094214230775833,0.012848909012973309,0.010109570808708668,0.013117515482008457,0.011308874003589153,0.009728146716952324,0.009485520422458649,0.007988209836184978,0.008394001983106136,0.006324401590973139,0.007535284385085106,0.005343834403902292,0.0051268585957586765,0.004488511476665735,0.0041221678256988525,0.004163527861237526,0.003587360493838787,0.004510030150413513,0.005210496950894594,0.0034184043761342764,0.003424576250836253,0.0049612694419920444,0.004055994562804699,0.0038687661290168762,0.005574079696089029,0.003985000308603048,0.003734875237569213
70,0.04381304979324341,0.021501237526535988,0.018706634640693665,0.019157197326421738,0.023877298459410667,0.015622998587787151,0.01776626519858837,0.02635151706635952,0.02545102871954441,0.02006477676331997,0.018074192106723785,0.013115469366312027,0.014545822516083717,0.014274144545197487,0.01225583627820015,0.010779098607599735,0.011333524249494076,0.01009036973118782,0.009763003326952457,0.007891302928328514,0.0060491100884974,0.006175892427563667,0.004470900632441044,0.004070972092449665,0.005621876567602158,0.004110302776098251,0.005792711395770311,0.0047766645438969135,0.004409354645758867,0.004007257521152496,0.004067337140440941,0.0038426658138632774,0.004529488738626242,0.00395298283547163,0.004126394167542458,0.0028107997495681047,0.004422618076205254,0.0032041100785136223,0.0037503973580896854
71,0.0347246453166008,0.019080201163887978,0.02022736333310604,0.017576059326529503,0.019464289769530296,0.0219398345798254,0.014173618517816067,0.025066711008548737,0.020966118201613426,0.019573945552110672,0.017749352380633354,0.01608830690383911,0.015138044953346252,0.010026122443377972,0.013833113946020603,0.010767822153866291,0.010090813040733337,0.007947193458676338,0.008141444064676762,0.009311304427683353,0.006766991224139929,0.0068367342464625835,0.004033827222883701,0.004519280511885881,0.004465190693736076,0.005101275164633989,0.002916124649345875,0.00347028486430645,0.006203142926096916,0.004191427957266569,0.004128451459109783,0.0056391553953289986,0.0032388390973210335,0.003986620344221592,0.005772531498223543,0.0044485898688435555,0.002275394508615136,0.0033113560639321804,0.004229352809488773
72,0.03765257075428963,0.027891598641872406,0.026130421087145805,0.016192374750971794,0.02103421837091446,0.015530974604189396,0.01972068101167679,0.021512357518076897,0.02517126314342022,0.017834780737757683,0.023097693920135498,0.021336577832698822,0.017369788140058517,0.009984685108065605,0.012698709033429623,0.009836295619606972,0.009681896306574345,0.00917003769427538,0.008105387911200523,0.00915259588509798,0.005110585130751133,0.007124038413167,0.005577509291470051,0.006410656962543726,0.00488999905064702,0.005054705776274204,0.006043549161404371,0.0030024624429643154,0.0061308895237743855,0.0061193425208330154,0.003806451801210642,0.006194595713168383,0.003906946629285812,0.002865893766283989,0.0031693442724645138,0.00282685668207705,0.004275989718735218,0.004518887959420681,0.003732983721420169
73,0.03626762703061104,0.017957935109734535,0.024531016126275063,0.026654543355107307,0.01881486177444458,0.014904988929629326,0.019611932337284088,0.02288215048611164,0.024778366088867188,0.020043397322297096,0.02108827605843544,0.015074594877660275,0.016526326537132263,0.01280701719224453,0.010279064998030663,0.012186371721327305,0.007910128682851791,0.00917648896574974,0.008616999723017216,0.006869838573038578,0.00778576685115695,0.005201124120503664,0.004854271188378334,0.0038031151052564383,0.005972643382847309,0.004774254746735096,0.004993124399334192,0.00505968788638711,0.0029198969714343548,0.003903609002009034,0.0029745071660727262,0.004409107379615307,0.0036613335832953453,0.005361972376704216,0.0021897386759519577,0.005062282085418701,0.00542427459731698,0.003659180598333478,0.006434672977775335
74,0.04105710983276367,0.0329509899020195,0.02214810810983181,0.01611894741654396,0.01715891994535923,0.017866408452391624,0.014842451550066471,0.026620114222168922,0.020396998152136803,0.024557560682296753,0.018942564725875854,0.011426341719925404,0.01090494729578495,0.011620351113379002,0.012738216668367386,0.009277808479964733,0.010432414710521698,0.006666868459433317,0.007959570735692978,0.008588092401623726,0.006082742474973202,0.0068221730180084705,0.005665031727403402,0.004656938835978508,0.0052711935713887215,0.0037611103616654873,0.004998055286705494,0.003900800831615925,0.0036137853749096394,0.00346489530056715,0.0031498500611633062,0.004085410851985216,0.0035638073459267616,0.004153053276240826,0.00433180620893836,0.003018486313521862,0.005410141311585903,0.0035968986339867115,0.004265333991497755
75,0.04142375290393829,0.027416979894042015,0.024194834753870964,0.02522788941860199,0.017087118700146675,0.018244506791234016,0.018048740923404694,0.026874082162976265,0.01788080856204033,0.020966647192835808,0.015829775482416153,0.015529969707131386,0.012061730027198792,0.012781626544892788,0.012213548645377159,0.009864326566457748,0.0109560526907444,0.005909109488129616,0.006559423636645079,0.00716428691521287,0.008697042241692543,0.007007557433098555,0.005935086403042078,0.004538567271083593,0.005489228293299675,0.004116150084882975,0.0032217088155448437,0.0033288344275206327,0.0031586464028805494,0.004499668255448341,0.005140742752701044,0.003702543443068862,0.004796220920979977,0.0035118383821099997,0.0028442328330129385,0.0032247405033558607,0.003984849434345961,0.00383915682323277,0.004637891426682472
76,0.04043310135602951,0.02101004868745804,0.019427884370088577,0.016146685928106308,0.01669888384640217,0.01572667993605137,0.020986240357160568,0.02488217130303383,0.024535270407795906,0.015325750224292278,0.020467782393097878,0.017539680004119873,0.01639406569302082,0.01501988060772419,0.011903513222932816,0.012245056219398975,0.010931272059679031,0.0063504730351269245,0.008801271207630634,0.005871946923434734,0.008669410832226276,0.007268640212714672,0.007171612698584795,0.004756735172122717,0.003961477894335985,0.006005927454680204,0.004278050269931555,0.003963119816035032,0.0048005711287260056,0.003827824257314205,0.004386610817164183,0.00353868561796844,0.004324530251324177,0.0048833624459803104,0.002555179875344038,0.004679115489125252,0.003525950014591217,0.004214132204651833,0.0047553526237607
77,0.03684425726532936,0.019175663590431213,0.01875385455787182,0.01797780767083168,0.012313797138631344,0.01706182025372982,0.02017652615904808,0.02375219576060772,0.02298438735306263,0.02182619273662567,0.021101323887705803,0.01924312300980091,0.012117058970034122,0.014522625133395195,0.00803584698587656,0.011175143532454967,0.01057323720306158,0.008961890824139118,0.008600308559834957,0.007855926640331745,0.007801976054906845,0.006616925820708275,0.005778761580586433,0.0035343742929399014,0.0032112321350723505,0.005488431081175804,0.004235986154526472,0.004333379212766886,0.003947678487747908,0.0035678057465702295,0.003982360940426588,0.0033321662340313196,0.0029085888527333736,0.005607187282294035,0.0031061875633895397,0.0029627445619553328,0.00443890318274498,0.003809243207797408,0.0033533580135554075
78,0.023548327386379242,0.025671103969216347,0.0236614178866148,0.020064929500222206,0.018326766788959503,0.02166959084570408,0.017036737874150276,0.02080254629254341,0.02107120119035244,0.017000848427414894,0.016608888283371925,0.017017390578985214,0.014857820235192776,0.010657131671905518,0.012833868153393269,0.010296608321368694,0.011637699790298939,0.00923139601945877,0.00844254158437252,0.006198185030370951,0.007979558780789375,0.005763835273683071,0.006617752835154533,0.005584126804023981,0.00467778230085969,0.004955678712576628,0.0039820182137191296,0.0030840507242828608,0.006248184945434332,0.003464824752882123,0.0026917429640889168,0.005003009457141161,0.0039596776477992535,0.004189958330243826,0.0030604710336774588,0.003859742311760783,0.004404387436807156,0.004257128108292818,0.0038498321082443
79,0.03835201635956764,0.02960222400724888,0.02259083464741707,0.02252192795276642,0.023553194478154182,0.021397097036242485,0.015906810760498047,0.02459455281496048,0.02597620338201523,0.021557148545980453,0.01990749128162861,0.01649119146168232,0.013606954365968704,0.0132544981315732,0.012168238870799541,0.01281003374606371,0.012765471823513508,0.010962586849927902,0.009078559465706348,0.008384419605135918,0.0073365336284041405,0.006509590893983841,0.005180268548429012,0.005363410338759422,0.003439554711803794,0.0033307282719761133,0.004431236535310745,0.0038083249237388372,0.003932883031666279,0.0041081528179347515,0.002271637786179781,0.0030379134695976973,0.003407238982617855,0.004155142232775688,0.005537789780646563,0.004002484958618879,0.004084941931068897,0.005518077872693539,0.003467416390776634
80,0.03290095925331116,0.02029334381222725,0.021031029522418976,0.0192339438945055,0.014581688679754734,0.0199755672365427,0.015749618411064148,0.022910578176379204,0.021987387910485268,0.023190835490822792,0.016496336087584496,0.017803173512220383,0.011664184741675854,0.00881898496299982,0.010810545645654202,0.009667121805250645,0.010367590002715588,0.005995222833007574,0.011546884663403034,0.008286920376121998,0.006367876194417477,0.006294544320553541,0.0064153727144002914,0.00424906937405467,0.00437850970774889,0.0050229597836732864,0.004752101376652718,0.0027814002241939306,0.004262941423803568,0.002501232549548149,0.0026395830791443586,0.0041124699637293816,0.004591153934597969,0.0027686653193086386,0.005971841048449278,0.00460563600063324,0.003405972383916378,0.004287591204047203,0.00332941603846848
81,0.029451046139001846,0.02597874402999878,0.022001998499035835,0.01857103779911995,0.01868816465139389,0.015247301198542118,0.017543135210871696,0.02141914702951908,0.025207126513123512,0.01823260635137558,0.013654633425176144,0.015755483880639076,0.011960950680077076,0.011425960808992386,0.008839781396090984,0.010700180195271969,0.009262883104383945,0.007053812500089407,0.00796753354370594,0.0071278964169323444,0.00646962272003293,0.00518420897424221,0.004352204967290163,0.00491667864844203,0.004631123971194029,0.0038020035717636347,0.0028048998210579157,0.0034944782964885235,0.0031620569061487913,0.004971998278051615,0.00539891654625535,0.003954204730689526,0.005534283816814423,0.0037730876356363297,0.003688329830765724,0.0038338969461619854,0.0037252239417284727,0.005819929298013449,0.004914568271487951
82,0.03220542520284653,0.021460825577378273,0.02806360460817814,0.021104704588651657,0.018963003531098366,0.01643790677189827,0.018895862624049187,0.0220175851136446,0.02334454096853733,0.020632656291127205,0.01651178114116192,0.01737254299223423,0.012426908127963543,0.012399844825267792,0.009102296084165573,0.009325031191110611,0.007814444601535797,0.009535131976008415,0.011747409589588642,0.00810147449374199,0.008427356369793415,0.008844911120831966,0.006353565026074648,0.004667344503104687,0.00561150535941124,0.0036542119923979044,0.003917394205927849,0.003984077833592892,0.0026113889180123806,0.003962615970522165,0.0052505796775221825,0.0030476751271635294,0.003850304987281561,0.004462181590497494,0.002732536057010293,0.0043243360705673695,0.003256249940022826,0.0030565911438316107,0.004720689263194799
83,0.03661038726568222,0.017578942701220512,0.027069659903645515,0.021213095635175705,0.01976224221289158,0.019261887297034264,0.020178068429231644,0.02597770281136036,0.02008989453315735,0.01961042359471321,0.01758112758398056,0.015085965394973755,0.01626100204885006,0.009817596524953842,0.011978900991380215,0.01493644155561924,0.01077235396951437,0.008455608040094376,0.005930870305746794,0.012073014862835407,0.006053481251001358,0.005260849837213755,0.00533023476600647,0.00459296815097332,0.005385707598179579,0.0043138847686350346,0.003465647343546152,0.005908513907343149,0.005285582970827818,0.003742234082892537,0.0038648347835987806,0.003130959579721093,0.005023812409490347,0.004802895709872246,0.005754140671342611,0.0030585387721657753,0.0037333841901272535,0.004779286682605743,0.002451938344165683
84,0.04161775857210159,0.02139943093061447,0.022349100559949875,0.02058735303580761,0.02065952494740486,0.021437600255012512,0.017726242542266846,0.022717153653502464,0.02199268527328968,0.020576095208525658,0.020320547744631767,0.018022587522864342,0.010268088430166245,0.012628120370209217,0.012736591510474682,0.008508097380399704,0.010799863375723362,0.006361525505781174,0.00820833072066307,0.008920321241021156,0.006919507868587971,0.008057508617639542,0.004926093388348818,0.00928577035665512,0.004317824263125658,0.0037853396497666836,0.00498183723539114,0.006281915586441755,0.0032246126793324947,0.003559028496965766,0.004028446041047573,0.009120216593146324,0.0031291123013943434,0.004813503473997116,0.0039179022423923016,0.00408083014190197,0.004730164539068937,0.005406846757978201,0.005094291642308235
85,0.028450477868318558,0.02877465821802616,0.02968434989452362,0.014937516301870346,0.014610840938985348,0.012431353330612183,0.018195997923612595,0.02463895082473755,0.02028297260403633,0.018674809485673904,0.019517796114087105,0.016518570482730865,0.018167385831475258,0.017023729160428047,0.00991817843168974,0.010154465213418007,0.012221792712807655,0.00780839379876852,0.007795564364641905,0.011209990829229355,0.008445152081549168,0.005987250246107578,0.00489484379068017,0.004474576096981764,0.0059244679287076,0.0036119751166552305,0.004302522633224726,0.0051794396713376045,0.004475051537156105,0.0033219135366380215,0.0029525270219892263,0.0038973360788077116,0.003719641827046871,0.0037109151016920805,0.003346916288137436,0.003642893861979246,0.005290967877954245,0.00452949944883585,0.005250751972198486
86,0.0343458317220211,0.02282903343439102,0.026139624416828156,0.023801356554031372,0.01867840811610222,0.02250860445201397,0.019030306488275528,0.029886770993471146,0.022065723314881325,0.01578998565673828,0.02197922021150589,0.021131321787834167,0.013525946997106075,0.012844268232584,0.011737203225493431,0.008956769481301308,0.010684614069759846,0.009238374419510365,0.007088753394782543,0.01089177280664444,0.007923895493149757,0.005179586820304394,0.004667771980166435,0.003834828967228532,0.004395739641040564,0.0038054725155234337,0.00497862184420228,0.004291348159313202,0.003831601468846202,0.0029315543361008167,0.004986435174942017,0.002245629206299782,0.0021224080119282007,0.0041150860488414764,0.005839810706675053,0.007266019005328417,0.004966170527040958,0.0035915474873036146,0.0035591498017311096
87,0.04121719300746918,0.02067474089562893,0.02533048950135708,0.017290890216827393,0.017418047413229942,0.0177441593259573,0.01699976623058319,0.024672696366906166,0.022216208279132843,0.016873614862561226,0.016514357179403305,0.01653294824063778,0.010874371975660324,0.015217751264572144,0.013023453764617443,0.010484023950994015,0.012607737444341183,0.0062863705679774284,0.007513563148677349,0.010226369835436344,0.007446611765772104,0.004892079625278711,0.004891077522188425,0.004780445247888565,0.004103375598788261,0.004666403401643038,0.0033427949529141188,0.0026542346458882093,0.0051137227565050125,0.0036645671352744102,0.0057251350954174995,0.004040176514536142,0.003380350535735488,0.003194244345650077,0.003353687934577465,0.0034409447107464075,0.003705565817654133,0.004442757461220026,0.004139879252761602
88,0.036500584334135056,0.02429010719060898,0.0257527157664299,0.021086405962705612,0.017047232016921043,0.015946442261338234,0.015280133113265038,0.026710866019129753,0.020794034004211426,0.018344052135944366,0.016458764672279358,0.01930781453847885,0.01204575877636671,0.01729840599000454,0.009803428314626217,0.009750408120453358,0.009203103370964527,0.008099246770143509,0.00840544793754816,0.008702968247234821,0.008604996837675571,0.005066271405667067,0.0038021658547222614,0.0032636227551847696,0.004734189249575138,0.004493813030421734,0.0036715231835842133,0.003197187092155218,0.005601157434284687,0.002826824551448226,0.004261798691004515,0.004605651833117008,0.0028981787618249655,0.0035085389390587807,0.005565136205404997,0.005611369386315346,0.004479566123336554,0.004101395606994629,0.004209170583635569
89,0.034240663051605225,0.023731756955385208,0.016080116853117943,0.019310617819428444,0.016966668888926506,0.0163516066968441,0.01877629943192005,0.024423673748970032,0.020420599728822708,0.020656179636716843,0.01579327881336212,0.015247330069541931,0.01191659178584814,0.016685333102941513,0.013080162927508354,0.008738015778362751,0.013509946875274181,0.007760595064610243,0.008127739652991295,0.0073255570605397224,0.006864266935735941,0.0053192246705293655,0.004292316734790802,0.0044411527924239635,0.004483075812458992,0.00547043327242136,0.0035346203949302435,0.005385269410908222,0.004098083358258009,0.0054432908073067665,0.005417125765234232,0.002857520943507552,0.003172794356942177,0.0043466840870678425,0.0039050260093063116,0.002844354836270213,0.006739881820976734,0.0032709746155887842,0.0031027260702103376
90,0.03626905754208565,0.028959127143025398,0.02831912599503994,0.019043393433094025,0.015519056469202042,0.019795697182416916,0.016513049602508545,0.025066081434488297,0.020914848893880844,0.01892053708434105,0.01951543055474758,0.016802502796053886,0.011345994658768177,0.011204320006072521,0.012437772005796432,0.010132238268852234,0.011475657112896442,0.013225427828729153,0.0058492207899689674,0.012588619254529476,0.009216297417879105,0.00815744511783123,0.00578210037201643,0.005246411077678204,0.0053733219392597675,0.004148562904447317,0.003487453330308199,0.004321142565459013,0.004540411289781332,0.003664642572402954,0.003022158518433571,0.004546848125755787,0.0035326022189110518,0.003976098261773586,0.0033798781223595142,0.0038353579584509134,0.0034389931242913008,0.0029296057764440775,0.005893805529922247
91,0.029517147690057755,0.03500838205218315,0.02513936348259449,0.026243045926094055,0.02225273661315441,0.018232980743050575,0.014406201429665089,0.024805352091789246,0.024209095165133476,0.015656305477023125,0.017741216346621513,0.014184688217937946,0.01799488253891468,0.01490629930049181,0.01249749306589365,0.00875806249678135,0.010658073239028454,0.009156064130365849,0.008983928710222244,0.008298499509692192,0.007400988135486841,0.007946262136101723,0.004690784029662609,0.004700072575360537,0.0032893719617277384,0.003953310661017895,0.0028945598751306534,0.004709389992058277,0.005109007935971022,0.0028516068123281,0.003962521441280842,0.00739355618134141,0.006444544531404972,0.004133198410272598,0.003985922783613205,0.0040234969928860664,0.0035879926290363073,0.00548601895570755,0.004077755846083164
92,0.03139914199709892,0.022611135616898537,0.026574863120913506,0.021065065637230873,0.02060103230178356,0.018851276487112045,0.016969775781035423,0.027924060821533203,0.022605612874031067,0.021906116977334023,0.020358916372060776,0.01614648662507534,0.018016397953033447,0.009218715131282806,0.014709686860442162,0.009921735152602196,0.01050544437021017,0.007375441957265139,0.011251192539930344,0.008402176201343536,0.007579674944281578,0.004307843744754791,0.0050346157513558865,0.0036294064484536648,0.004835797008126974,0.004249511752277613,0.0050824228674173355,0.0038529597222805023,0.005138341803103685,0.004058778285980225,0.0036772924941033125,0.004019270185381174,0.005456420127302408,0.004454548936337233,0.00377477309666574,0.003628016449511051,0.0031058681197464466,0.0035232063382864,0.004048147238790989
93,0.03499912843108177,0.02229091338813305,0.024486616253852844,0.016840361058712006,0.02225152961909771,0.02008526585996151,0.012168101035058498,0.02890108898282051,0.02005619741976261,0.019126003608107567,0.016999946907162666,0.017076781019568443,0.013310653157532215,0.015406956896185875,0.013662916608154774,0.012231536209583282,0.011249750852584839,0.009535728953778744,0.007794149685651064,0.009896482340991497,0.005932162515819073,0.0069768731482326984,0.006143647711724043,0.004933077376335859,0.005352658219635487,0.003552381182089448,0.004242928232997656,0.00361113203689456,0.002765376353636384,0.0038373242132365704,0.0033668524120002985,0.0028220287058502436,0.0026805447414517403,0.004134830553084612,0.0035420991480350494,0.0030392424669116735,0.004368958994746208,0.003713685553520918,0.004098038654774427
94,0.03198835626244545,0.02603415958583355,0.024253925308585167,0.017931094393134117,0.0164975393563509,0.018841765820980072,0.01429075375199318,0.027461493387818336,0.020591292530298233,0.02158932015299797,0.0152708375826478,0.017422020435333252,0.011141056194901466,0.012899952940642834,0.010350380092859268,0.008561670780181885,0.013640318065881729,0.008264947682619095,0.01174737885594368,0.00855255126953125,0.007430762518197298,0.0065247369930148125,0.004993514623492956,0.004105458967387676,0.005128421355038881,0.00508716469630599,0.0057603660970926285,0.004823540337383747,0.003008392406627536,0.0030196805018931627,0.0067598335444927216,0.0023820854257792234,0.005483388435095549,0.0033824536949396133,0.005737436469644308,0.0035168323665857315,0.003412857884541154,0.0031447410583496094,0.0034850132651627064
95,0.029513565823435783,0.025522390380501747,0.026550062000751495,0.017111437395215034,0.015291388146579266,0.024370871484279633,0.015477174893021584,0.025521529838442802,0.020562732592225075,0.020742546766996384,0.01731710135936737,0.014759629033505917,0.010116495192050934,0.010906204581260681,0.012126671150326729,0.012844136916100979,0.011525074951350689,0.009526721201837063,0.0062516191974282265,0.008315871469676495,0.007068187464028597,0.005915680434554815,0.004806654527783394,0.004718615673482418,0.00480747502297163,0.0036354525946080685,0.004414254799485207,0.0036687033716589212,0.0030819904059171677,0.0035495928023010492,0.0036395536735653877,0.005721651948988438,0.0034283308777958155,0.0045938640832901,0.003545970655977726,0.004300023894757032,0.0028161851223558187,0.0037186499685049057,0.004798082634806633
96,0.028937900438904762,0.021648339927196503,0.022114282473921776,0.02080635540187359,0.021848050877451897,0.01642243005335331,0.0193655863404274,0.023318083956837654,0.022129882127046585,0.01792750507593155,0.01745263673365116,0.016434071585536003,0.012747355736792088,0.012134628370404243,0.00971901509910822,0.013222651556134224,0.007053836714476347,0.008568602614104748,0.009005134925246239,0.007132280617952347,0.006933753378689289,0.004148533567786217,0.004642158281058073,0.004587136674672365,0.0037630703300237656,0.005039244424551725,0.00470377691090107,0.003924026619642973,0.00463792635127902,0.0046445149928331375,0.00344650587067008,0.0034566631074994802,0.003193061100319028,0.0051016598008573055,0.004075371194630861,0.0038739717565476894,0.005319965537637472,0.0034631008747965097,0.004725524690002203
97,0.04083704575896263,0.03294893726706505,0.02201242372393608,0.017914345487952232,0.01870124600827694,0.020948154851794243,0.021785801276564598,0.026504505425691605,0.023668520152568817,0.018693557009100914,0.019657699391245842,0.018979812040925026,0.012229475192725658,0.013297599740326405,0.011555042117834091,0.010733935050666332,0.0130170788615942,0.009296827018260956,0.007964197546243668,0.008536743000149727,0.007707579527050257,0.005773281212896109,0.005323261488229036,0.0033574760891497135,0.0032131674233824015,0.003554948605597019,0.002914705080911517,0.0037248111329972744,0.0036191591061651707,0.0035274350084364414,0.004840123932808638,0.003323652781546116,0.00443412596359849,0.005659759510308504,0.0059137726202607155,0.0034515629522502422,0.0042804572731256485,0.0029964621644467115,0.003825525986030698
98,0.03404053673148155,0.020462648943066597,0.022642547264695168,0.020520245656371117,0.016598345711827278,0.01623082347214222,0.015648003667593002,0.023161837831139565,0.019743476063013077,0.02248796634376049,0.019556742161512375,0.015890933573246002,0.01336972787976265,0.011093540117144585,0.010483463294804096,0.01002342626452446,0.011277033016085625,0.00986706092953682,0.010218973271548748,0.007615037262439728,0.008054294623434544,0.006054713390767574,0.005542040802538395,0.005966322962194681,0.004064091015607119,0.004216689616441727,0.004605013877153397,0.003384435549378395,0.004524796735495329,0.005184606183320284,0.004501357674598694,0.003319233888760209,0.00435252021998167,0.003582476871088147,0.00673902640119195,0.004242566414177418,0.004373874980956316,0.003986167721450329,0.004492643289268017
99,0.035780247300863266,0.0188763365149498,0.020755670964717865,0.020220071077346802,0.02008156105875969,0.018071625381708145,0.01915642060339451,0.022728335112333298,0.021252552047371864,0.018958814442157745,0.018912259489297867,0.02160957269370556,0.012159271165728569,0.019174905493855476,0.009808715432882309,0.011555754579603672,0.008801723830401897,0.008771221153438091,0.008628420531749725,0.006872458849102259,0.00795308779925108,0.008379590697586536,0.004412841517478228,0.00455578463152051,0.003721600165590644,0.003853448433801532,0.004400131292641163,0.004653479903936386,0.0034923499915748835,0.003882800694555044,0.00535742798820138,0.0030896272510290146,0.004114753566682339,0.003269207663834095,0.0032613154035061598,0.005118462722748518,0.0036002472043037415,0.004768799990415573,0.004454394802451134
